{"cameraMode":{"drawMode":0,"name":"Shaded","section":"Shading Mode"},"sceneLighting":true,"audioPlay":false,"sceneViewState":{"showFog":false,"showMaterialUpdate":false,"showSkybox":false,"showFlares":false,"showImageEffects":false,"showParticleSystems":false},"in2DMode":false,"pivot":{"x":1036.6558837890625,"y":325.4349670410156,"z":692.6366577148438},"rotation":{"x":-0.16442206501960755,"y":-0.42449089884757998,"z":0.07869689911603928,"w":-0.8868946433067322},"size":1669.78076171875,"orthographic":false}